hash,size_of_data,virtual_address,entropy,virtual_size,malware
071e8c3f8922e186e57548cd4c703a5d,443392,4096,6.529623586,442984,0
33f8e6d08a6aae939f25a8e0d63dd523,331264,4096,6.60431385,330784,0
b68abd064e975e1c6d5f25e748663076,74240,4096,6.046789096,73819,0
72049be7bd30ea61297ea624ae198067,219648,4096,6.497017567,219524,0
c9b3700a77facf29172f32df6bc77f48,262144,4096,6.638141582,261943,0
cc6217be863e606e49da90fee2252f52,12288,4096,5.057396381,8652,0
cc6217be863e606e49da90fee2252f52,49152,36864,6.08469233,46692,0
f7a1a3c38809d807b3f5f4cc00b1e9b7,2200064,4096,6.34013023,2199608,0
a2597ae310f53a6b70c6951a3245dc4a,57121,4096,6.580114851,57121,0
164b56522eb24164184460f8523ed7e2,946688,4096,6.517326943,946381,0
56ae1459ba61a14eb119982d6ec793d7,623616,4096,7.462788756,623159,1
c4148ca91c5246a8707a1ac1fd1e2e36,371712,4096,6.533088779,371409,0
fb7569d1c2c1fa36a97fdc732f51a637,40448,4096,6.631765877,40240,0
e7ac6a2de45506164777941faf953094,688128,4096,7.700025285,687625,1
1282837376a698e38af5cca54bdfbdd0,390656,4096,5.476263502,390418,0
2688d03495ba17054a9a65028a0a80f8,262144,4096,6.638141582,261943,0
2109cd66383a81926aef367530a2a9fc,262144,4096,6.638141582,261943,0
2a1e576d411c5d5370e381042f973ea5,23552,4096,6.417698237,23130,0
b77933644b8a9fd5c22cad19b21dfb30,443392,4096,6.529623586,442984,0
8220417d83184f62f5734a0c1d140e89,262144,4096,6.638141582,261943,0
a36c063345128d22bf1dd003af2eb36d,286720,4096,6.585726497,286359,0
4c9b84877211d5ba1ae0bd681b01bfec,49152,4096,5.883644859,45714,0
5e16e45f22fd546b4b52e45ca031e5c5,286720,4096,6.585726497,286359,0
bcd1ba1f7c6cab26c02c8bec3e5989de,74752,4096,6.621153534,74311,0
cbf532ac41a42fb819f1cdbf2239c1db,105472,4096,5.079172112,105426,0
0e20e8fd3a42d387620d0c194ade6673,24064,4096,6.440105549,23628,0
54d1c19fa3bd274f1c7376fb341b2848,483328,8192,7.956658327,482516,1
d6fa2fa31148f6c4a2a1d9837dcda3b4,467456,4096,6.62222967,467332,0
98f2f5b97550d06aac5908c9a20944c1,290304,4096,7.259725501,290136,0
268a6e44780afd1605558fbba0b15ee6,364544,8192,7.981050797,364148,1
2900d3018439ab3b9f75423defbe3fac,713728,4096,6.588311972,713229,0
c62f0e319eb55a2639b6540a8b14bac7,389632,4096,6.622757702,389624,0
e15cd250d10c4a7b9452a459d4890fee,23040,4096,6.433100348,22738,0
5668e76248144d9bb967e28c9347b0ce,1058304,4096,6.596388508,1057934,1
a0160cdc30214cc5a0ecb1e144147fd0,262144,4096,6.638141582,261943,1
524f0af00e536a583e27d64d98d83c8d,26624,4096,6.567892773,26532,1
a32a382b8a5a906e03a83b4f3e5b7a9b,51712,4096,6.611198891,51549,0
873e7998e45480d537154b1f479f97b8,262144,4096,6.638141582,261943,1
850248432ec5c28f60ad1acdf4edc97f,23040,4096,6.433100348,22738,1
5b51d65972a349f90a86984c26b12b30,28672,4096,6.497884652,28432,0
b59328578b7c9d026c0d57eb36f64e6b,212992,4096,6.513898597,212834,1
bbab715051e59e89257cd5a8f561b5de,122368,4096,7.072026929,122236,0
131e9e0e7ce851fd4be463c32e025c7b,262144,4096,6.638141582,261943,1
4ff9c623b66cbff71ece866bec2c6465,539136,4096,6.227854515,539133,1
becede6a28098478b577ad67ad725e58,371712,4096,6.533088779,371409,1
727862e75daf1bb5d0341c273139361f,100864,4096,6.583232071,100522,0
0b1618049d0eccb4a5155fefbf02462c,4123648,4096,6.602800732,4123412,0
12375399b31b207e87c7393f0dba5446,4241920,4096,6.572945291,4241492,0
e4a9a1bee4b4970aac834f96ffee32d6,262144,4096,6.638141582,261943,0
f882d701db42988bc7a744e23697dfcf,359936,4096,6.341387403,359615,0
9fc830681d8a6dbfcdc4ea86447e7a12,24576,4096,5.28735008,24984,0
eab510e11134f46561322a4d9aced505,24064,4096,6.441066052,23798,0
ca66c2f1ddaca8a4e682917a9b833e86,24064,4096,6.372287631,23824,0
a8a7609ebfd5a03401d4970445590add,3036672,4096,6.581538626,3036188,0
d158325fc2eab8ddd634bd23e41ee1c3,36864,4096,5.656708771,36828,0
29b86966e4bb2820090e69c5f0e112c7,338944,4096,6.577547192,338898,0
8c77976c84e5301c48ed641333a7e976,4017152,4096,6.568338634,4016800,0
a75224f7359927d3ae13e6c12d718739,626688,4096,6.34588722,623308,0
291b4ae21d41c37687ffa978db3aaa72,1912832,4096,3.377404648,1912511,1
b722358fc0786511d388863ea037d79d,262144,4096,6.638141582,261943,1
c19f034073aefc42864f04df4acbbc82,114176,4096,6.710525332,113994,0
14cd3231b27bf79dded31a78c3febe44,47616,4096,6.720938527,47111,0
7896417096962f5029dd99fb002353e6,61952,4096,6.391482648,61740,0
1949a60feaec1edfd6955f2f5f7dcf7c,17920,212992,5.787413812,17632,0
a5f7ed71a17feb278a988879a5d752cc,686592,4096,7.645895955,686213,1
92fdfa1178a26b658fb51d477d1115ee,262144,4096,6.638141582,261943,0
c172629a17f800b5acfbaa6838fb08de,290816,4096,6.289919098,290438,0
2e1b8d2b6f0759fe5bc4f3ee781e8bff,286720,4096,6.585726497,286359,0
ceb8cc125478fad641daa4e04e9b2f19,1269248,4096,6.363903091,1268896,0
641bc5f9eba3b466da5bfdab16fbcc57,262144,4096,6.638141582,261943,0
f0de7ac2a75f7f7dd9803a3a8b7e28fb,92672,4096,6.429415834,92214,0
ec733e9a621b640d5b43575c216d38ef,371712,4096,6.533088779,371409,1
eee58f6bd3fb1bd13b88870f0e50e12b,581632,4096,6.675248352,581597,1
d65363c7c6c188277432c9e4251c44e5,2449408,1159168,5.512422054,2449288,0
97b99187e3087f7a2008cede9a797f73,62464,4096,6.375213504,62020,1
b12850557c78fe046282011e6c91233a,74240,4096,7.614072261,73944,1
6bb251348c6ed62656eab22984e44713,50688,4096,6.636918204,50487,1
b9156c591426530b250ca452aa0a464c,443392,4096,6.529623586,442984,0
efd07df3eaf702cfc440e1ae8e805e16,558592,4096,6.592484331,558360,0
f7b40b80a40df7f0f18eda4ad9e0a45a,262144,4096,6.638141582,261943,0
8784f5a55513809994f6e7f92730842c,4006400,4096,6.581147747,4006068,1
bf8f04b479d5e1a3d9345cad5a395023,212992,8192,7.982428317,212948,1
76ba4a1da429f3137749ad8501f876dd,60928,4096,6.584023544,60702,0
cdc75590ced57ebb95acd5c3aeebfb94,443392,4096,6.529623586,442984,0
8ea0a11856a456c27a9320d258d1a9b5,262144,4096,6.638141582,261943,1
47e06d8041c530b0b6cfdc351c747da3,94208,4096,6.451627374,93764,0
f1c0b70560e1247d23a92c79cca39ea4,371712,4096,6.533088779,371409,0
57295954f2064ddc0e41e94337a4296a,92160,4096,6.445459602,92150,0
0a16e83709e94914d079d44c3837e587,2442752,4096,2.516744156,2442743,1
4e49b660879ece49c302e0c25cc5fc83,53248,4096,5.534628558,52888,0
14ca75f233ca2a08ad6e606db7d71fe3,392192,4096,6.428868232,391796,0
aae0df57514d84d33fba20297767679c,415232,4096,6.627697991,414816,0
d6c86b18baf988b887bc22867800e382,262144,4096,6.638141582,261943,0
5a4adde7b5831a474efea5eee26c4c0c,138240,4096,4.055259451,138076,1
b4a561bdc28b9d5563b4fe17cbc818ce,286720,4096,6.585726497,286359,0
7f98e0b19a451653e71af1b8686ce0a9,332288,4096,6.561290902,331939,0
7968e64283f1cd3aa29864dc6a69c6dc,32256,4096,6.2615638,32252,0
efa73f1315380ac700ca94025799dd23,331264,4096,6.60431385,330784,0
7a1304c18f8eb0e04b89be02ebfc16b7,262144,4096,6.638141582,261943,0
a1a0271c06d3b084ba8b920553a85588,443392,4096,6.529623586,442984,0
4ffcc6e51438413f89f70b063da10483,262144,4096,6.638141582,261943,1
c32dcd628968dcbdc732583a0368ddf5,262144,4096,6.638141582,261943,1
32297bb17e6ec700d0fc869f9acaf561,18944,4096,6.426764006,18710,0
d918f2149812bbdeae8aa47bb80da8e4,63488,4096,6.636665742,63195,1
3b4043f7cce003592967b95ad1601a05,429568,4096,6.375180318,429147,0
20f07afeb0f00beaafb4d1a1b11276d3,61952,4096,6.391482648,61740,0
abb004744446d5707374c8bef100028c,262144,4096,6.638141582,261943,0
6836b54f277267b0c5fa5ea7ddefd032,392704,4096,6.49175006,392648,0
3545e5f853298b634df609574793e479,2045440,4096,5.058050537,2045191,0
1635adacd03fed18981fa9bc51177955,1159168,4096,7.922904295,1157628,1
7eda29d607f3112cc44eee0b16d4de44,2464256,4096,6.348368564,2464132,0
92a3720be042be024d4911eeafb64f08,74752,4096,6.555548101,74526,0
f0a5c81459868d6ce0c3b03c5c84a7e9,1300480,8192,7.899689803,1300164,1
0e898193a3298f1f12ccd0074eef31d7,686592,4096,7.644506439,686213,1
a67ddf8decfc1a1d35535133ec2f3a05,3036672,4096,6.581538626,3036188,0
f00e6d793bf1f0f5383a79ad60f237a4,397824,4096,6.633426971,397520,1
6b638207e887929c4903d8a6930f6897,896000,4096,7.405182698,895741,1
a3b57fb248b78ca2cc7f430cdff29220,812032,4096,6.268798852,811584,1
b6f2a414e740e5bdefa0c8e147675f8c,1961984,4096,3.612992878,1961610,1
5d6e365125728d44684cf846e4301d16,371712,4096,6.533088779,371409,1
f25d635ab78af556b1a8e8262f6152fd,249856,4096,6.675503643,247049,0
adc45d09217c489db1ea8d558a8e5914,92672,4096,6.429310647,92214,0
f4ba43d0aea21a623afd7219d1b527f5,169984,4096,6.709395821,169476,0
1988d7fb4c4f09e998dcbeb248ebe513,286720,4096,6.585726497,286359,1
47b5582aed50ec55436c20b80389003b,1126912,4096,6.591177518,1126687,1
843cc4c4a16b912f0ad604573b95a480,262144,4096,6.638141582,261943,0
5f90a30ef6a1d22f863a1bb5989e9323,294912,4096,6.582164078,293442,0
2d35b2a547d1f654c7edc6c189096726,1912832,4096,3.377313994,1912511,1
13265828b9bed68af0ebbfb14c26f8ae,62464,4096,6.375213504,62020,0
357f441805a91ad38c3d72e8484e75bd,28672,4096,6.497884652,28432,0
d70b1b4b7cd830659fbb818b74576667,23552,4096,6.476389095,23488,0
be600684f249664cf6ba38d38b5ff86b,25088,4096,6.393616553,24636,0
f1cd46daf99def7b20b882ad36d1652b,405504,4096,6.490397647,405069,0
aecb497fd456a6cbc7d784c9cdfbceb8,7168,4096,5.826510177,6888,0
d57cacaa7fcd9a97456f45647c275d9d,23552,4096,6.417698237,23130,1
d289fd2b3691a971518dac0fadd98010,443392,4096,6.529623586,442984,1
c99bbf21df777ea95fbeb60e4b13ff00,443392,4096,6.529623586,442984,1
e4ebe7942f8ff695466d4a825476f330,663040,4096,7.174083404,662823,0
6d7450bee337e448a068c7b9634e6742,23040,4096,6.433100348,22738,1
76856dcf9c8f295e1fdfbcd56395a1c4,555520,4096,7.96240017,557056,1
5f9b65d1a4b99112e906b6cd4a2bd8e8,4000256,4096,6.588355695,4000052,0
8c026a2bfabf300e0d33c20c1b49b52c,61952,4096,6.391482648,61740,0
3f842b8d574a8c3fbfa2fd2fcfde772d,165376,4096,6.722654884,165274,0
25443ab233369c80c4854db80bc44880,387072,4096,6.526559555,386575,1
5a368ccbe02ad57b547092eb6e80e70f,3837952,4096,6.587403365,3837608,1
fcc5573e45f7b692188b3c16294f8dd0,62464,4096,6.375213504,62020,1
e649370d2cbb4aed6f646191dea49e7f,286720,4096,6.585726497,286359,1
459ec06cc63673b040273e891c213afb,262144,4096,6.638141582,261943,0
23aa6f2aa26a3a376d06f3eee9ed476b,262144,4096,6.638141582,261943,0
43377ca247033ab3a5596caa363f3559,262144,4096,6.638141582,261943,0
8b28c946711ac96f6146107061f387a9,185856,4096,6.495784058,185706,0
f108600edf46d7c20f6acc522aeba6df,790528,4096,6.054359765,790052,0
d508479184becfa9974efa54c06e89e7,3627520,4096,6.574131761,3627136,1
7199933442666b2b7607c85efb24e853,28160,4096,6.508529563,28078,0
69e87b31cee014bc43e5ef838afa57e7,581632,4096,6.675248352,581597,0
e2c40860ce4374bb45097c667f9b6d42,262144,4096,6.638141582,261943,0
131949674205d368b5b09ca40b46d900,80896,4096,6.644254067,80595,0
85e6957765a5316a644cf48b31cbbf84,4241920,4096,6.572945291,4241492,1
c633e15205494f7697c437cf2274f98d,443392,4096,6.529623586,442984,0
e69f00e83c032ea76027de03b94c45fc,23552,4096,6.417698237,23130,0
5fb0fa17615555da5892765364ff04be,1049088,4096,5.132086278,1049086,0
de7e01236b4f89ca4aae11240131a594,2676736,4096,6.395163272,2676552,0
3f9299b4520223642f9c3208c1b6b87b,262144,4096,6.638141582,261943,1
54be381aac473e8f4b72a2be5d184fd2,62464,4096,6.375213504,62020,0
962952d00207349a37f69f88210b5724,23552,4096,6.417698237,23130,0
83ae4f0bb497f87c71af0d4802935600,4115456,4096,6.598264582,4115264,0
c81951bde4fa310799456caa52b844de,22016,4096,6.455427102,21638,0
d9cb5c18ad2ed80a09f53c7e2e7356c4,5120,4096,5.671426812,4840,0
82ba48e93bb017efaf3109a276c1cedf,1125376,4096,7.777704557,1125271,1
e82ffd8fe894cf3ad3ef61d67a88cbda,3629568,4096,6.566094477,3629552,0
a065cde9f643587c9356b231d770cd21,345600,4096,6.617258062,345151,0
0af2d5c4ecd8b858bf6941d5ae798346,2200064,4096,6.34013023,2199608,0
d9ad81cbbf72d8750bd82d9f3f09bbec,286720,4096,6.585726497,286359,1
b207787f3d02fcad06148411b87ce712,371712,4096,6.533088779,371409,0
219a1e248aacac6b9edad5cff16c148a,439808,4096,6.50509568,439696,0
a952d241f5301b3e5bcd642cf64bfc63,286720,4096,6.585726497,286359,0
711be6337cb78a948f04759a0bd210ce,136704,4096,6.595292753,136532,0
f6c583c9d18234147680109cfd5eda9b,1128960,4096,6.570213986,1128688,0
c941ea56ce807a82d5e2dc73bef24579,23552,4096,6.417698237,23130,0
e468d8f768ef1f4901def392dd562c42,262144,4096,6.638141582,261943,0
051716e80fd52bda9ba66990918a4624,262144,4096,6.638141582,261943,0
7cc6064ca26c8c35e1998a40f0ae42f3,32768,4096,5.936561799,33432,0
6204d45ab4e382862447fe93b4fbba3a,663040,4096,7.174102287,662823,0
a892928436aba91f0db9b425413a0748,1974272,4096,6.523424146,1974076,0
d80d29e83c0facf241285f89711ff1e1,48128,4096,6.661268775,47981,0
51d9b6789f90ec3f8434bfa4bd02060e,220672,4096,6.501535163,220441,1
c476963f31101c8459b00a90df63fd75,443392,4096,6.529623586,442984,1
2d89253981dae98086fea05bb2aa3920,286720,4096,6.585726497,286359,1
1f37d576670fbeeb4512f345fe39947b,454144,4096,6.540473229,453728,1
5dbe2fff6325076f9f31fa8fc855e58d,1298432,4096,7.088776967,1296412,0
e8c0bdbc953d276e5963a97ab852ef44,262144,4096,6.638141582,261943,1
9e8f15b3cb945839eeb1ef8018e12cfe,345600,4096,6.617258062,345151,1
c0d9880319ed02cbb32146f719c50a39,443392,4096,6.529623586,442984,1
c1b021ae9e584fe247c86309941c59e8,54272,4096,6.519836504,54138,1
142f50d0ee0f9c9483320a10ffa44408,54784,4096,6.598515766,54699,1
33f02fd0f098ca160b37ff6c37497abf,445952,4096,6.602392731,445524,1
f07e24f057e0cc0189c213f3d1248286,104448,4096,6.608227154,104384,1
348eadae14a07647132891b3c8a98fad,286720,4096,6.585726497,286359,1
0d8165560b29b94ef5df335c2672180e,43008,4096,2.320445891,42952,1
7db85d572b81b91b9ea23289431e00d5,4193280,4096,6.579609522,4192852,1
6de26f67ceb1e3303b889489010f4c3f,28672,4096,6.497884652,28432,0
b16c8018bc9bfe48e45fee55aacc1f4d,443392,4096,6.529623586,442984,1
a2904052c913ca8da38eac63d12a7baa,262144,4096,6.638141582,261943,1
8de40561abda4349c746a9c52fe2f815,253440,8192,7.888958799,253268,1
f5fde8035d117dd20f870ada2a61f06e,3837952,4096,6.587403365,3837608,1
dc11a6dda0de15a32929524b04092cee,3036672,4096,6.581538626,3036188,1
6a2ee07a3bc7715183d4e0c37aff2a01,313856,4096,6.665683257,313850,1
ca68644d418c565c5343cbabcfe81ca7,1959424,4096,3.039760121,1959271,1
c44ffdf8d7c1ab6131f79525be7c0b1c,1426432,4096,7.312661294,1425925,1
b1482d0a51105c54fa14f47ef29aa47a,158720,4096,6.550015483,158655,1
8bf6e56d687a619975eaeee399e6ccf4,628736,4096,7.543214912,628525,1
aa3de331481705035f905eccda9300b9,262144,4096,6.638141582,261943,1
fb4d0aa14af6f2565af3f074e49b6310,286720,4096,6.585726497,286359,1
98102947b6a0e895f86f6b89129eec25,262144,4096,6.638141582,261943,0
1de8d54ef45c22f588e2dd6c52a01025,398848,8192,7.949162349,398468,1
c292ca5747f331becdf79b12f355ccfb,2400768,4096,4.683230628,2400357,1
da4aee167bc8071e4b24ef93d762c746,2442752,4096,2.516610138,2442743,1
bb1ce9cfad689b36510f665f406784ae,717824,4096,7.73698289,717555,1
7debe2c70e2ce269a41e5efbaf20c4b3,262144,4096,6.638141582,261943,0
461c4a3faccd60a6be3d4ffcc83276ff,618496,4096,6.381688335,617668,0
d0801ebc98e1958393d9eae10250dc00,262144,4096,6.638141582,261943,0
a9565c137dd0220e84453dcdce147df1,2705920,4096,6.561553953,2705752,0
0049c214b75a1ac34c9f8cfb6fd090b3,443392,4096,6.529623586,442984,0
a384e8eba9a9860327de7895c191acb4,262144,4096,6.638141582,261943,0
4960b7783ef59fe2f99eb6091a2c3699,23040,4096,6.433100348,22738,0
add6b18c844366b54a97e92549b3c0dc,415232,4096,6.269254,415204,0
7e1ae7073c7548b3aa45b3bff266c46d,1503744,4096,3.913305647,1503274,1
be5111ece71450ea095ea53a7b363b2c,371712,4096,6.533088779,371409,0
28d77eadcc4c96b5e5116be2c048a170,2200064,4096,6.34013023,2199608,0
d1f3f5f743337c0a32fe202cffcfaeb2,633344,4096,6.715746352,632890,0
2e83dad9bc6111397c9a77cd76d6529b,443392,4096,6.529623586,442984,0
b89722373e4441784da6b4b54783a066,262144,4096,6.638141582,261943,0
de969c8d7eb599e93c2c6d69dc370da1,46592,4096,4.952997552,46100,1
71652e5020b45a1a672d7d429e3ee392,984576,4096,6.451664239,984236,0
05ffaeda05a4cf9e7c3e671251f116e1,42496,4096,6.621227317,42375,0
e4e2d2f1abc1345a7cb5bc363889118d,254464,114688,6.189701249,254344,0
b732baf02e66c475ce8fc59423853df3,2328576,4096,6.537002983,2328184,0
75cfda678ae7da68ad6691f72d575fcc,262144,4096,6.638141582,261943,0
8ee72e731ba3e346053e8f6e8d3f15f4,262144,4096,6.638141582,261943,0
6ac514185591403c495703f3bd5bd2e7,62464,4096,6.375213504,62020,0
9ffb09a7752ed3637135f8e05543cd1b,44032,4096,6.612911914,43879,0
1431b9b808a781b3fe06fcc33978106c,23040,4096,6.433100348,22738,0
5264aa354c5f2c60ab814c1a09c0f929,90112,4096,6.232266544,89877,0
e8de2329f0b9666721c1550ad1fa9dc8,1809920,4096,6.636672462,1809570,0
db64681c5df7121fab62881f3f5efb68,454144,4096,6.540473229,453728,0
7802f64a85a09127956ab09fe26aec0d,262144,4096,6.638141582,261943,0
ec61ea008d511e89ecd7241fac8e6ac3,262144,4096,6.638141582,261943,0
313c23dc7c04c32e6631240f7c1efa7c,262144,4096,6.638141582,261943,0
32d264b58dd8ce560c024bf1d0cfab4f,7168,4096,6.501426866,7066,0
cda668e4299fa5166ab582375c533737,443392,4096,6.529623586,442984,0
b253ad54b49edbb40f5d716ae7d1df3d,443392,4096,6.529623586,442984,0
c1bb11d1abac64f534833951ff8eac20,1126912,4096,6.572271189,1126768,1
23427c2adf99c7977ebf15ae91cd73ec,262144,4096,6.638141582,261943,0
53cc6077fafccd45c8da8513bf1c2960,262144,4096,6.638141582,261943,0
b04c62171cca8d2551a8e949e696be7e,43520,4096,6.628200356,43207,1
7afddac40a7192fd72c8725fec7bd87c,731648,4096,6.563883914,731641,0
e5a753ce2b1feaeaf1bbd69cf09f9331,24064,4096,6.440105549,23628,1
73b15f57d09afffd9e3d82eefea6188a,17408,4096,6.440496266,17042,0
ee06a3b103a008c4eade54d64a1dda28,154112,4096,6.528298088,153989,0
371aea9e9db01e511d0a956a68176347,45568,4096,6.637180267,45191,0
82124f46e7c949987d57d03844afad55,15360,4096,6.342418297,15090,0
bc879501b4f92d4a2e07531d20a14b3a,19456,8192,5.34548175,19444,0
c8116ec86f84c17dad45f459f7d8e82d,2705920,4096,6.561553953,2705752,0
fae24bf7741c820fc03ff851967caa23,36864,4096,5.656708771,36828,0
c2ef686098ddabd5851e6bca2f8620c2,18944,4096,6.704828418,18628,0
260b768a03390af34cf4d91ced33fb0e,84480,8192,4.13407132,84148,1
74ab7cb8df600ddcbd6cf5cd61a56fdb,1974272,4096,6.523424146,1974076,0
15e3d8f6ca653d345b9061dc3e7b9981,135168,4096,6.588294164,135024,0
15e3d8f6ca653d345b9061dc3e7b9981,877056,139264,6.644115355,876617,0
d7d4b08f6f3fd28ba53efa13d2b7a7fc,262144,4096,6.638141582,261943,0
56456f2e270ea00ef749ef301446c36c,286720,4096,6.585726497,286359,1
ddfe17096e790e3360804fb0214969c1,371712,4096,6.533088779,371409,0
f6f37c9fb417a458684253cd59f9a0d0,92160,4096,4.578823546,91760,1
b97caaeb75c26c886e56c1804306eb87,647168,4096,6.265186572,644260,0
f8d716e541b5016f603c7f6bfbec3db6,274432,8192,7.08011062,273972,0
9dc1ab60e1c85d06f2a1165ec5ba08cf,2497024,4096,6.390137017,2496804,0
a55e4dac98e72ab8d69ed1dab3f976fc,4454912,4096,6.583229237,4454652,0
a009a79ea2c661edea0da1cc749c641d,114176,4096,6.710525332,113994,0
084ed3f44df9b2d8e4625133d7eeef64,581120,4096,6.67587544,580910,0
12ad8140a29e69b6b6cfff1cabc0e5db,262144,4096,6.638141582,261943,0
5859bb27af1d9e282d0fa05b92d3be6a,262144,4096,6.638141582,261943,0
f31c6aa1c95b2ec9dc78e7cd2950f6cc,61440,4096,6.53587556,61404,0
b62d9ebf37feff81ddcbbbaa676d83c8,37888,4096,6.53892752,37504,0
316de5eae273187a16e57f2931296079,12288,4096,6.261389419,12134,0
db0461732ab3715690e355e4244a51e0,204800,4096,6.543811453,200749,0
e85269be5bc18ecf895138837c63be4e,23552,4096,6.417698237,23130,0
1a3a035aa4ee9b27fa24a98e87530c18,2270720,4096,6.541041679,2270524,0
58880d2c8933ee0c726d5d4d35b0f4d7,262144,4096,6.638141582,261943,1
7768c9f29a2d93ebced1d24d4df51650,14848,4096,6.327574655,14526,0
32d0e4c6ce622da3f5494c9f7aaf172b,29184,4096,6.303238315,28860,0
5547d7ceaca6100b74d84748183bd582,85504,4096,4.953244336,85488,0
346dd3aaa68e09de89294c04e80223d9,262144,4096,6.638141582,261943,0
76a389b4e3d408bc7fc5158d314e1299,262144,4096,6.638141582,261943,0
9246aa3f29c5f63ab3b7d6e2b64b161f,262144,4096,6.638141582,261943,0
b10eead4edad13fb7a265e75f970814f,62464,4096,6.375213504,62020,0
5a18b16cd71c693838f03eec35fc9534,59392,4096,6.629163925,58942,0
8cad885b8697c15481764f85278111a8,262144,4096,6.638141582,261943,1
049d758305656fcdd9df7b9f9b2af3db,65024,8192,6.948303162,64628,0
119b0dba842bfa4ec53b039f5a24496d,96256,4096,4.538027727,96054,1
f37bae195f787414fb1325c13e14228c,224768,4096,6.54555481,224408,0
0a6ee3521a7f7bcbe91a95989f883847,2270720,4096,6.541041679,2270524,1
941a7252d80b7e0df056ac7960f88e55,32768,4096,6.296861858,32768,0
9e867e2a117bfd993fd4e424c94eb4ce,387072,4096,6.526559555,386575,0
784c93843ee44f2a3db0f1945523b4be,24064,4096,6.440105549,23628,0
ae35814c93c948c16c56de9b93a7636b,270336,4096,6.487768106,267006,0
84f9f39df4bf7fad51d418b161aa5edd,462848,4096,6.852672536,462004,0
dbfe284dcf4d941c5be26afa7c27a137,489984,4096,6.607480668,489932,1
5ff61fc0bdda14ba07c87ae9e9820830,262144,4096,6.638141582,261943,0
792dcf0245309ad2cb84bd51b18e0948,204800,8192,7.347664906,204764,1
c8c7a600064ac3b51fab7a3182482307,443392,4096,6.529623586,442984,1
4df0b1a7da060eb64162f0cc5af5f02a,1400320,4096,6.461418388,1399976,0
c0bd396a36bdb934a071c4ee82636b96,2705920,4096,6.561553953,2705752,0
223d7689bbf3fbf0dc2ead33ad704689,28672,4096,6.497884652,28432,0
8d57b2e0c51943a8c3e8cacbe8dc80ce,712192,4096,7.649761913,711955,1
844a4f55e759441ee9c3184fe0e8c9d2,3036672,4096,6.581538626,3036188,0
2750559403dee3f93dea887c19eeb224,172032,4096,6.650901372,170543,0
2d685f7714b282840946221a33d9a4b7,8192,4096,5.103679913,6536,0
f7ab6b6b61f8285eb9d498f5bd42233a,1127424,4096,5.32174116,1127194,1
be598cfb170c89bbc411a0f5bc66bba9,443392,4096,6.529623586,442984,0
361b481084c41d0df4c4eb763f268043,327168,8192,7.990547003,326916,1
3a7aa9151f6f75a51c7a9f6d9ff702e6,33792,4096,6.340223357,33512,1
19d7c5904b2d9058b73469190a5f4e64,77824,4096,6.52912327,75597,0
17197e775970b54de90cd7384bf02ec3,8192,4096,5.92962233,7384,1
17197e775970b54de90cd7384bf02ec3,49152,32768,4.863058384,46690,0
fba289be1513f8300736c9c445211cb4,4096,4096,4.828316973,81668,0
f672964a33aac309f4ea54d93fb5533c,336384,4096,6.387711206,335997,0
191fba1be5fa8f9c2aba1ae7830dd738,340480,4096,6.57703064,340270,0
b04bced21f6feee3f02e418e1287fb4f,34304,4096,6.320526182,33864,0
22e9b849e140213fe955fd4d3d7a52e1,28160,4096,6.508529563,28078,0
7a90effdf66d759d2574f9f63e59dea6,31744,8192,6.787208748,31236,0
c7b0df0ffd172ffe6803577b206c6423,262144,4096,6.638141582,261943,0
873e755f1bb8988550c764018f2baac8,2132992,4096,6.527806008,2132836,0
df319f06bfd5c6e60c9a6727bdcb44e2,23040,4096,6.433100348,22738,0
b17cdefbd5023a07fe6db394e04349c1,262144,4096,6.638141582,261943,0
8cb90da0cb1463638fefdc4150ece7b3,2132992,4096,6.527806008,2132836,0
6fcfc57f71381f6c90b5236092dd4054,262144,4096,6.638141582,261943,0
c84975fd8030d767b81d86d8f60d95e6,580096,4096,6.552046218,579792,0
edc5ce8471b189585ad4f6e81d663fd2,2270720,4096,6.541041679,2270524,0
898deb1ce10d46e9b3f9f3f38ca46c70,262144,4096,6.638141582,261943,0
1df2e9ef3f4ec9d0ec0268b22ced5c58,607232,4096,6.18609022,606861,0
799f45e84053413e3817c3ce7bebd191,23040,4096,6.433100348,22738,0
742b51586cafe972fe8f971bd3f9ca81,286720,4096,6.585726497,286359,0
a1d2d5c43553543d88eae172033538ee,443392,4096,6.529623586,442984,0
02c229f10cca69704f201074cbd5d09a,1935872,4096,6.521100414,1935824,0
ceb6541e20aae92ef566fdd786775d6e,47616,4096,6.717444085,47111,0
891330275f8f69a49e5602805e6ec8f8,3226112,4096,6.555169128,3225944,0
2027615b9185618aa074e9d069220fea,262144,4096,6.638141582,261943,0
28f9ec336806cddf23db12c8f8f49a6f,483328,4096,6.625182534,482888,0
057c2ce030dcbb2f144598cb1f9254ae,144384,8192,6.350369742,144196,0
3965d521447422160817047ff6a119a8,409600,4096,6.593088803,409466,0
9e1c9b91dce6d7fed8c12e1e0f849bdb,981504,4096,6.537389549,981295,0
ffce1957c319e50fafb01b1d88c4ca5c,113664,4096,4.512359856,113324,1
01c2e956dcaa095d4ce8cedd13c93213,443392,4096,6.529623586,442984,0
c68651396dab03d3dc0876802001aa15,443392,4096,6.529623586,442984,0
7ab693fc6e4c7d895a057d8cd8c112e0,2705920,4096,6.561553953,2705752,0
a5396a501e8b808e5eff92d701387d5a,616448,4096,6.564215838,616352,0
5b67b5e5605678160747255725ce52b2,5632,4096,5.578242631,5144,0
9f0d8b9e3314d077532663c9171550f3,62464,4096,6.375213504,62020,0
754d3d9bcc6ebb63254a1a534044444d,1298944,4096,7.999813271,1298684,1
649cc30723ec12e32fb5940c3a758f0f,109056,4096,1.742392442,108728,1
649cc30723ec12e32fb5940c3a758f0f,1536,118784,4.510879341,6155,1
6b3a0113509dc175ce7f241271768f7f,4123648,4096,6.602800732,4123412,0
96008ecfad8a483b83d2320d97b160cf,3036672,4096,6.581538626,3036188,0
325cea74d6ef637d6846152795029818,28160,4096,6.508529563,28078,0
c983701f09774ffaab09d36980d37a5e,3233280,4096,6.579060301,3233100,0
4a06fe85d5fbe851b43b11e7fe6d254f,45056,4096,6.412082374,44962,1
c65c61c0409faf7bd83cd628f8c9a298,443392,4096,6.529623586,442984,0
664b4b12e52a6b634293f33a6622e1fc,435712,4096,6.621499315,435560,0
d4b2da7cfdc0311421b8722004ab4c88,152576,73728,7.940857991,152256,1
53537ab43064f3acd213f9516c8af921,262144,4096,6.638141582,261943,0
96c77dffd0b78b42b39cc488af0b9ae9,332288,4096,6.561290902,331939,0
96ab561fb111a905a8ec1c1cb9b71a9d,469504,4096,6.606178871,469284,0
7d1315ec78aecc6ed03f4210b6893b63,262144,4096,6.638141582,261943,0
d1ab72db2bedd2f255d35da3da0d4b16,95744,4096,6.344437158,95612,0
5f07b7d50a7d540436726f965ca9645d,262144,4096,6.638141582,261943,0
7daa4bc1b19de383f469e60fc7b9f02f,61952,4096,6.392145814,61748,0
1658abab5fa4c3b6f037f4004b63ba0f,262144,4096,6.638141582,261943,0
665de2b505c5f8c168cf10f55576171b,1267200,4096,6.008676657,1266904,0
72ea2aed2be6dc4a4ebefc36c6bc609f,4165120,4096,6.577011839,4164840,0
489e0cca53056f270e93eb7a1afc262a,2285568,4096,6.458975578,2285568,0
14da35c4b3a31f457822ee59e327d3ef,64512,4096,6.657459929,64456,0
4064043b51e7cd5a8253987d6d28cc83,83456,4096,6.571231599,83149,0
c9dc691c1afa751e286368aff87543cc,443392,4096,6.529623586,442984,0
9d12fe348d58320f395cfa50ce8ee804,262144,4096,6.638141582,261943,0
7fe1690d1dce7d88e89b7d6026821320,262144,4096,6.638141582,261943,0
6769d755e9e2f9513ea1c2bce4cef05c,759808,4096,0.650292454,759479,1
6a4218ff6458a05f9b4b8e91a635116b,2512384,4096,3.627026918,2511916,1
d1151ab75918905542c928f98a1ad2e5,286720,4096,6.585726497,286359,0
521b3e7c459f045ebc2aa40c0c082ee7,502784,8192,6.599617132,502596,0
724e42937a65375706347ed5ddb2cc73,2291712,4096,6.540365633,2291292,0
754f6e280bcb940f3fd85410b5fdd88b,61952,4096,6.391482648,61740,0
0a8f514133dec53895ff6e0032f04081,249344,4096,6.631825511,249095,0
5ab33cb605b9e76affd6874e51e64179,1124864,4096,3.837690276,1124474,1
a79af1587464758543105be546e10089,262144,4096,6.638141582,261943,0
a8e1939acb1f4602ab99f4626855dbb4,1695744,4096,6.511289973,1695360,0
46a6726e6297592328d1fffd445a8552,262144,4096,6.638141582,261943,0
6bd2f5e8e83dd335d3abf107a1c8d9fe,25600,4096,6.442195364,25231,0
4c85305201d4f9392b3eba053bcbfb73,360960,4096,6.559763211,360531,0
7a11d67e4e8beff0d4a3ffdb60cdd041,404480,4096,6.615559537,404296,0
c3a68785e5aaa0ff44d88c53f42c229e,23040,4096,6.433100348,22738,0
4fc44e2b2ca93036d93d0efb7dc5b531,262144,4096,6.638141582,261943,1
99a1a7e013c81f9e8bcfa924745d35e6,286720,4096,6.585726497,286359,0
9abe40bc867d1094c7c0551ab0a28210,76288,4096,6.639832437,76213,0
35a589256d1379f193db7222fd093a44,43520,4096,6.626371231,43111,0
99a3d049f11474fac6844447ac2da430,5120,4096,5.631023425,4714,1
d1eacd2a9928115e6f50c8824a9d223b,262144,4096,6.638141582,261943,0
a30a2e320231b5e1c4352045f7bacf10,443392,4096,6.529623586,442984,0
28ac6d7d251b95c676fd5508bcb317dd,4353024,4096,6.581411346,4352688,0
52e343db8f9cbf433f76680d56e002dc,29184,4096,6.471418343,29166,0
6543fac48d4b30ac2c331f6216ec2b32,286720,4096,6.585726497,286359,0
21663b2e5e2846b0b1d787a6ac1580a8,214528,4096,6.522310481,214177,1
b004154710db02cb1cea1b39584ffef6,409600,4096,6.593088803,409466,0
c7dbf34c3557e72fe37f490d807824bf,262144,4096,6.638141582,261943,0
b21787be47ab4941751e04f7e7f0a381,62464,4096,6.375213504,62020,1
7ce1bbf6768f169ff866193dcdadb4ee,262144,4096,6.638141582,261943,0
40c9e40800363d55b7ce404b68c31d7b,144384,4096,6.420048221,144004,1
d13ff706f06be9dcda448849463bf7ee,2050560,4096,2.953507537,2050439,1
